Duration,WaterUsage,TaskType_Cleaning,TaskType_Cooking,TaskType_Gardening,TaskType_OutdoorCleaning,TaskType_PersonalHygiene,TaskType_Showering
17.47976522928395,18.47976522928395,False,False,False,False,True,False
42.83142948203631,52.83142948203631,False,False,False,True,False,False
33.207733439701826,50.207733439701826,False,False,True,False,False,False
27.34097330466961,30.34097330466961,True,False,False,False,False,False
7.864820179467207,9.864820179467207,False,True,False,False,False,False
7.863758894792916,10.863758894792916,True,False,False,False,False,False
3.5556789354007763,13.555678935400776,False,False,False,True,False,False
39.111750414097145,49.111750414097145,False,False,False,True,False,False
27.449060516701188,29.449060516701188,False,True,False,False,False,False
32.155193423026006,40.155193423026006,False,False,False,False,False,True
1.9057177490153077,3.9057177490153077,False,True,False,False,False,False
43.67603349512775,44.67603349512775,False,False,False,False,True,False
37.627476195218556,54.627476195218556,False,False,True,False,False,False
10.34292086984415,18.34292086984415,False,False,False,False,False,True
9.000298557112426,11.000298557112426,False,True,False,False,False,False
9.069798433551089,12.069798433551089,True,False,False,False,False,False
14.38665869021966,22.38665869021966,False,False,False,False,False,True
24.089282991818465,32.089282991818465,False,False,False,False,False,True
20.005580820253094,22.005580820253094,False,True,False,False,False,False
13.814082168713844,21.814082168713846,False,False,False,False,False,True
27.921527367784698,30.921527367784698,True,False,False,False,False,False
7.13772986868984,17.13772986868984,False,False,False,True,False,False
13.8543645355496,21.8543645355496,False,False,False,False,False,True
17.119921104922433,27.119921104922433,False,False,False,True,False,False
21.06707930554958,24.06707930554958,True,False,False,False,False,False
35.5477423012926,37.5477423012926,False,True,False,False,False,False
9.785646414967829,26.78564641496783,False,False,True,False,False,False
23.62631529019891,31.62631529019891,False,False,False,False,False,True
27.06624102992987,44.06624102992987,False,False,True,False,False,False
3.0438181596799,6.043818159679899,True,False,False,False,False,False
27.73197348366329,35.73197348366329,False,False,False,False,False,True
8.503061442240828,18.503061442240828,False,False,False,True,False,False
3.8622700913522987,4.862270091352299,False,False,False,False,True,False
42.75096363914666,59.75096363914666,False,False,True,False,False,False
43.48780945528061,51.48780945528061,False,False,False,False,False,True
36.56948331712429,53.56948331712429,False,False,True,False,False,False
14.40300584362831,22.40300584362831,False,False,False,False,False,True
5.29757301628089,7.29757301628089,False,True,False,False,False,False
31.106253166534902,41.1062531665349,False,False,False,True,False,False
20.366709724542456,37.36670972454246,False,False,True,False,False,False
6.369682333170268,7.369682333170268,False,False,False,False,True,False
22.787784044895886,23.787784044895886,False,False,False,False,True,False
2.5130949290696094,5.513094929069609,True,False,False,False,False,False
41.01009769146641,49.01009769146641,False,False,False,False,False,True
12.386319190400744,29.386319190400744,False,False,True,False,False,False
30.150980511575206,33.150980511575206,True,False,False,False,False,False
14.715287347934082,31.71528734793408,False,False,True,False,False,False
23.882992931823676,31.882992931823676,False,False,False,False,False,True
25.055252291104303,26.055252291104303,False,False,False,False,True,False
9.13359604312319,11.13359604312319,False,True,False,False,False,False
43.661723621640576,44.661723621640576,False,False,False,False,True,False
35.10584422788904,38.10584422788904,True,False,False,False,False,False
42.33795342882432,52.33795342882432,False,False,False,True,False,False
40.372403418816546,42.372403418816546,False,True,False,False,False,False
27.307599067687747,30.307599067687747,True,False,False,False,False,False
41.56246634101714,49.56246634101714,False,False,False,False,False,True
4.893670090284457,6.893670090284457,False,True,False,False,False,False
9.623245946442388,12.623245946442388,True,False,False,False,False,False
2.990000712063675,10.990000712063676,False,False,False,False,False,True
15.31453455358363,16.31453455358363,False,False,False,False,True,False
18.101800746337208,28.101800746337208,False,False,False,True,False,False
12.93935739805142,20.93935739805142,False,False,False,False,False,True
37.46445040268489,54.46445040268489,False,False,True,False,False,False
16.697146374517928,24.697146374517928,False,False,False,False,False,True
13.361118426244754,21.361118426244754,False,False,False,False,False,True
24.878627658962934,34.878627658962934,False,False,False,True,False,False
7.200665898889556,24.200665898889557,False,False,True,False,False,False
36.296667153177744,39.296667153177744,True,False,False,False,False,False
4.280228321909917,7.280228321909917,True,False,False,False,False,False
44.423025210422765,52.423025210422765,False,False,False,False,False,True
34.978769849052924,51.978769849052924,False,False,True,False,False,False
9.743489987503587,26.743489987503587,False,False,True,False,False,False
1.2429731534385056,11.242973153438506,False,False,False,True,False,False
36.880302852012704,37.880302852012704,False,False,False,False,True,False
32.10172312929515,35.10172312929515,True,False,False,False,False,False
33.07631539380344,43.07631539380344,False,False,False,True,False,False
34.93589525418161,36.93589525418161,False,True,False,False,False,False
4.257964676299975,7.257964676299975,True,False,False,False,False,False
16.772492055947993,26.772492055947993,False,False,False,True,False,False
6.098238619105707,9.098238619105707,True,False,False,False,False,False
38.976550738526115,39.976550738526115,False,False,False,False,True,False
28.425117580412547,30.425117580412547,False,True,False,False,False,False
15.559513093516564,16.559513093516564,False,False,False,False,True,False
3.79656741258504,5.7965674125850395,False,True,False,False,False,False
14.683222155489137,22.683222155489137,False,False,False,False,False,True
15.30806616917687,25.30806616917687,False,False,False,True,False,False
33.10267184687482,35.10267184687482,False,True,False,False,False,False
29.052528739629377,30.052528739629377,False,False,False,False,True,False
40.037360673358364,43.037360673358364,True,False,False,False,False,False
21.77745670712577,23.77745670712577,False,True,False,False,False,False
6.262146821285275,16.262146821285274,False,False,False,True,False,False
32.38277063781178,34.38277063781178,False,True,False,False,False,False
34.47454213914349,51.47454213914349,False,False,True,False,False,False
25.696196693057836,28.696196693057836,True,False,False,False,False,False
34.92255591800068,44.92255591800068,False,False,False,True,False,False
22.72700624003319,32.72700624003319,False,False,False,True,False,False
24.000244492807738,32.00024449280774,False,False,False,False,False,True
19.811804807776184,20.811804807776184,False,False,False,False,True,False
2.1184415767401883,10.118441576740189,False,False,False,False,False,True
5.747222787705396,15.747222787705397,False,False,False,True,False,False
2.382884170216307,5.3828841702163075,True,False,False,False,False,False
29.002058095606337,31.002058095606337,False,True,False,False,False,False
14.831663167358373,16.83166316735837,False,True,False,False,False,False
23.37711041124692,26.37711041124692,True,False,False,False,False,False
40.932924852748094,50.932924852748094,False,False,False,True,False,False
11.968858082550497,13.968858082550497,False,True,False,False,False,False
19.05684861356771,21.05684861356771,False,True,False,False,False,False
34.244250095894145,36.244250095894145,False,True,False,False,False,False
11.067119281631388,12.067119281631388,False,False,False,False,True,False
4.387116032466892,5.387116032466892,False,False,False,False,True,False
13.749063928205793,30.749063928205793,False,False,True,False,False,False
8.093736639176194,16.093736639176193,False,False,False,False,False,True
41.906696703073216,44.906696703073216,True,False,False,False,False,False
36.55729670083434,39.55729670083434,True,False,False,False,False,False
28.869765286458634,31.869765286458634,True,False,False,False,False,False
39.34426596825958,56.34426596825958,False,False,True,False,False,False
36.361571383561035,37.361571383561035,False,False,False,False,True,False
9.209082590985577,19.209082590985577,False,False,False,True,False,False
40.272595933559025,50.272595933559025,False,False,False,True,False,False
24.73105864428863,41.73105864428863,False,False,True,False,False,False
36.52736682721875,46.52736682721875,False,False,False,True,False,False
40.428017196633704,43.428017196633704,True,False,False,False,False,False
14.992152898762011,22.99215289876201,False,False,False,False,False,True
5.842284679217777,7.842284679217777,False,True,False,False,False,False
11.029147151845434,12.029147151845434,False,False,False,False,True,False
19.792742699555276,20.792742699555276,False,False,False,False,True,False
36.992649700589695,53.992649700589695,False,False,True,False,False,False
38.87214566327911,39.87214566327911,False,False,False,False,True,False
1.305893743372391,4.3058937433723905,True,False,False,False,False,False
23.47288131341289,33.47288131341289,False,False,False,True,False,False
19.366084138546277,22.366084138546277,True,False,False,False,False,False
10.77274366071213,27.77274366071213,False,False,True,False,False,False
6.274076162682043,9.274076162682043,True,False,False,False,False,False
15.855067541759631,25.85506754175963,False,False,False,True,False,False
42.48802697215084,50.48802697215084,False,False,False,False,False,True
15.220929008913231,32.22092900891323,False,False,True,False,False,False
23.82678735670811,31.82678735670811,False,False,False,False,False,True
31.932834191387826,33.932834191387826,False,True,False,False,False,False
16.999702504688933,24.999702504688933,False,False,False,False,False,True
43.75841163972227,45.75841163972227,False,True,False,False,False,False
43.347680977452896,45.347680977452896,False,True,False,False,False,False
12.078421016316023,20.07842101631602,False,False,False,False,False,True
22.87893425926496,39.87893425926496,False,False,True,False,False,False
14.238645631937866,24.238645631937864,False,False,False,True,False,False
13.532981752608574,16.532981752608574,True,False,False,False,False,False
2.623025683599443,5.623025683599443,True,False,False,False,False,False
27.82083069511546,37.82083069511546,False,False,False,True,False,False
23.117877022069905,25.117877022069905,False,True,False,False,False,False
3.2650650549995315,5.265065054999532,False,True,False,False,False,False
13.260444426410903,30.260444426410903,False,False,True,False,False,False
40.96369898253276,41.96369898253276,False,False,False,False,True,False
11.540723189346787,19.540723189346785,False,False,False,False,False,True
7.375374372013816,9.375374372013816,False,True,False,False,False,False
22.535921452212772,25.535921452212772,True,False,False,False,False,False
44.368619980866434,61.368619980866434,False,False,True,False,False,False
11.650431946506018,19.650431946506018,False,False,False,False,False,True
30.573964085858655,47.573964085858655,False,False,True,False,False,False
34.51126307446357,42.51126307446357,False,False,False,False,False,True
11.456051935665585,19.456051935665585,False,False,False,False,False,True
33.04151933892182,43.04151933892182,False,False,False,True,False,False
17.182457839647142,19.182457839647142,False,True,False,False,False,False
28.821456546117496,45.821456546117496,False,False,True,False,False,False
28.87530727347937,45.875307273479365,False,False,True,False,False,False
24.574086099289374,34.574086099289374,False,False,False,True,False,False
4.972749882393965,7.972749882393965,True,False,False,False,False,False
37.75330980592647,40.75330980592647,True,False,False,False,False,False
15.114322858756378,17.114322858756378,False,True,False,False,False,False
9.206814457593586,11.206814457593586,False,True,False,False,False,False
2.7941062284096123,3.7941062284096123,False,False,False,False,True,False
26.99928950028264,36.99928950028264,False,False,False,True,False,False
30.812831921060425,33.81283192106042,True,False,False,False,False,False
1.7298644728256707,9.729864472825671,False,False,False,False,False,True
23.532094565168364,40.532094565168364,False,False,True,False,False,False
10.96581410870927,12.96581410870927,False,True,False,False,False,False
29.387602778015793,46.38760277801579,False,False,True,False,False,False
8.672122876219623,25.672122876219625,False,False,True,False,False,False
31.4012604765085,32.4012604765085,False,False,False,False,True,False
18.016355237223646,21.016355237223646,True,False,False,False,False,False
42.21611950441632,44.21611950441632,False,True,False,False,False,False
7.050921542423703,24.0509215424237,False,False,True,False,False,False
16.006919446211374,18.006919446211374,False,True,False,False,False,False
5.992834934585919,13.992834934585918,False,False,False,False,False,True
41.68651920425676,42.68651920425676,False,False,False,False,True,False
39.602931548763166,47.602931548763166,False,False,False,False,False,True
12.349431619466847,14.349431619466847,False,True,False,False,False,False
30.03929802550388,32.03929802550388,False,True,False,False,False,False
36.957776808853495,39.957776808853495,True,False,False,False,False,False
25.428835710376344,42.42883571037635,False,False,True,False,False,False
24.304625447664286,41.304625447664286,False,False,True,False,False,False
11.641500799619873,19.641500799619873,False,False,False,False,False,True
5.096521783459565,6.096521783459565,False,False,False,False,True,False
40.47749334994638,50.47749334994638,False,False,False,True,False,False
40.61839451518654,57.61839451518654,False,False,True,False,False,False
28.85646412002379,31.85646412002379,True,False,False,False,False,False
15.91731080614283,23.91731080614283,False,False,False,False,False,True
16.36522128295708,24.36522128295708,False,False,False,False,False,True
32.94204987029053,42.94204987029053,False,False,False,True,False,False
40.47285143791339,43.47285143791339,True,False,False,False,False,False
40.03180266766516,41.03180266766516,False,False,False,False,True,False
35.31452401773545,38.31452401773545,True,False,False,False,False,False
29.24939243078866,30.24939243078866,False,False,False,False,True,False
4.702158459782149,7.702158459782149,True,False,False,False,False,False
8.111663420163005,11.111663420163005,True,False,False,False,False,False
40.53638429519149,42.53638429519149,False,True,False,False,False,False
27.682878625021957,35.68287862502196,False,False,False,False,False,True
1.4046702711317045,4.404670271131705,True,False,False,False,False,False
5.464747886105412,15.464747886105412,False,False,False,True,False,False
30.194077840754456,33.19407784075446,True,False,False,False,False,False
1.2227096892336222,18.22270968923362,False,False,True,False,False,False
8.075554262369941,16.07555426236994,False,False,False,False,False,True
25.14428673212979,42.144286732129785,False,False,True,False,False,False
31.443388698478504,39.4433886984785,False,False,False,False,False,True
29.686295418114423,46.686295418114426,False,False,True,False,False,False
10.86784961626463,13.86784961626463,True,False,False,False,False,False
32.33588573929158,35.33588573929158,True,False,False,False,False,False
11.438959849859202,13.438959849859202,False,True,False,False,False,False
15.31758671900778,25.317586719007778,False,False,False,True,False,False
33.845621825193064,50.845621825193064,False,False,True,False,False,False
29.583847558077444,30.583847558077444,False,False,False,False,True,False
38.36583006174383,40.36583006174383,False,True,False,False,False,False
29.934967261215107,46.93496726121511,False,False,True,False,False,False
26.005578546760752,43.00557854676075,False,False,True,False,False,False
5.121689784436069,7.121689784436069,False,True,False,False,False,False
17.179495334615076,20.179495334615076,True,False,False,False,False,False
12.66890417799592,29.66890417799592,False,False,True,False,False,False
11.735544308679678,14.735544308679678,True,False,False,False,False,False
43.812464409107605,45.812464409107605,False,True,False,False,False,False
18.296299885337458,21.296299885337458,True,False,False,False,False,False
40.25004842779298,48.25004842779298,False,False,False,False,False,True
28.770099543879567,29.770099543879567,False,False,False,False,True,False
35.97169735583253,52.97169735583253,False,False,True,False,False,False
23.11603209662845,33.11603209662845,False,False,False,True,False,False
26.3837709235598,27.3837709235598,False,False,False,False,True,False
22.670778528030013,25.670778528030013,True,False,False,False,False,False
9.590691463113957,26.590691463113956,False,False,True,False,False,False
32.78789307150623,35.78789307150623,True,False,False,False,False,False
13.353983947397655,21.353983947397655,False,False,False,False,False,True
2.069902522983969,4.069902522983969,False,True,False,False,False,False
29.400781019915385,46.400781019915385,False,False,True,False,False,False
8.792869893910154,16.792869893910154,False,False,False,False,False,True
42.380177711528226,50.380177711528226,False,False,False,False,False,True
42.972857388113844,59.972857388113844,False,False,True,False,False,False
41.25403316969974,44.25403316969974,True,False,False,False,False,False
17.286982811239554,27.286982811239554,False,False,False,True,False,False
1.6800911272701669,9.680091127270167,False,False,False,False,False,True
41.846016753859914,42.846016753859914,False,False,False,False,True,False
19.840102525961832,27.840102525961832,False,False,False,False,False,True
43.53281203792146,53.53281203792146,False,False,False,True,False,False
43.399278991927126,46.399278991927126,True,False,False,False,False,False
38.532416040563845,41.532416040563845,True,False,False,False,False,False
13.95575125106177,14.95575125106177,False,False,False,False,True,False
17.94430005848471,25.94430005848471,False,False,False,False,False,True
38.4500135467417,41.4500135467417,True,False,False,False,False,False
14.944568226876218,24.944568226876218,False,False,False,True,False,False
8.45768085418807,25.45768085418807,False,False,True,False,False,False
25.499255548167408,27.499255548167408,False,True,False,False,False,False
42.190810063074366,44.190810063074366,False,True,False,False,False,False
31.625311053698812,33.62531105369881,False,True,False,False,False,False
26.08269148393206,34.08269148393206,False,False,False,False,False,True
5.275765725913816,6.275765725913816,False,False,False,False,True,False
28.060317974763468,31.060317974763468,True,False,False,False,False,False
44.562369404587585,61.562369404587585,False,False,True,False,False,False
7.163696670407058,17.163696670407056,False,False,False,True,False,False
23.806504704004418,40.80650470400442,False,False,True,False,False,False
39.60441516483004,49.60441516483004,False,False,False,True,False,False
33.593819181185,41.593819181185,False,False,False,False,False,True
31.66869260379179,33.66869260379179,False,True,False,False,False,False
31.909299695432807,39.90929969543281,False,False,False,False,False,True
16.817610653669227,17.817610653669227,False,False,False,False,True,False
13.918041147637709,14.918041147637709,False,False,False,False,True,False
36.6118908410546,46.6118908410546,False,False,False,True,False,False
36.64498936588395,39.64498936588395,True,False,False,False,False,False
39.15118201752456,42.15118201752456,True,False,False,False,False,False
41.182584312484735,51.182584312484735,False,False,False,True,False,False
23.499065549881262,24.499065549881262,False,False,False,False,True,False
23.066716966236783,24.066716966236783,False,False,False,False,True,False
36.12498787453811,37.12498787453811,False,False,False,False,True,False
29.598412954221665,37.598412954221665,False,False,False,False,False,True
31.88654259933895,32.88654259933895,False,False,False,False,True,False
36.01487745518845,53.01487745518845,False,False,True,False,False,False
40.16023503997292,42.16023503997292,False,True,False,False,False,False
15.871786901467576,16.871786901467576,False,False,False,False,True,False
17.525649916157537,27.525649916157537,False,False,False,True,False,False
5.135205352998236,7.135205352998236,False,True,False,False,False,False
26.444326203831654,34.44432620383165,False,False,False,False,False,True
2.5814600470566518,12.581460047056652,False,False,False,True,False,False
21.486312797828248,23.486312797828248,False,True,False,False,False,False
24.876363927133372,34.87636392713337,False,False,False,True,False,False
13.607815093644515,21.607815093644515,False,False,False,False,False,True
26.996663465036473,43.99666346503648,False,False,True,False,False,False
2.342010997318175,10.342010997318175,False,False,False,False,False,True
2.6433203049654344,10.643320304965435,False,False,False,False,False,True
37.19442466902496,47.19442466902496,False,False,False,True,False,False
16.848388222095565,19.848388222095565,True,False,False,False,False,False
6.590662556682931,7.590662556682931,False,False,False,False,True,False
23.978703442411394,24.978703442411394,False,False,False,False,True,False
34.87971633633887,51.87971633633887,False,False,True,False,False,False
10.4961252098611,27.4961252098611,False,False,True,False,False,False
28.40718093603601,29.40718093603601,False,False,False,False,True,False
4.755288459725792,7.755288459725792,True,False,False,False,False,False
3.2739957314187387,4.273995731418738,False,False,False,False,True,False
24.379603788998512,27.379603788998512,True,False,False,False,False,False
24.787945350844687,41.78794535084469,False,False,True,False,False,False
29.046915665921087,31.046915665921087,False,True,False,False,False,False
32.94801868379711,42.94801868379711,False,False,False,True,False,False
43.93749149635152,60.93749149635152,False,False,True,False,False,False
23.717215325252592,40.717215325252596,False,False,True,False,False,False
15.210084809414823,23.210084809414823,False,False,False,False,False,True
35.988192569822964,43.988192569822964,False,False,False,False,False,True
12.916619055531266,20.916619055531264,False,False,False,False,False,True
20.31474251104799,30.31474251104799,False,False,False,True,False,False
4.452080779059703,12.452080779059703,False,False,False,False,False,True
2.1154327102801305,5.11543271028013,True,False,False,False,False,False
43.3565302458287,44.3565302458287,False,False,False,False,True,False
37.78312530253706,39.78312530253706,False,True,False,False,False,False
31.62286506812271,48.62286506812271,False,False,True,False,False,False
18.993929554227876,21.993929554227876,True,False,False,False,False,False
8.624950083117215,10.624950083117215,False,True,False,False,False,False
7.883229877527786,10.883229877527786,True,False,False,False,False,False
12.010687519242195,15.010687519242195,True,False,False,False,False,False
25.1659732470693,42.1659732470693,False,False,True,False,False,False
32.44222059880274,33.44222059880274,False,False,False,False,True,False
30.048684575580175,38.048684575580175,False,False,False,False,False,True
13.317091465621484,23.317091465621484,False,False,False,True,False,False
43.01407234918054,44.01407234918054,False,False,False,False,True,False
33.467464334613815,43.467464334613815,False,False,False,True,False,False
25.39157831050163,42.39157831050163,False,False,True,False,False,False
27.9157128343115,44.9157128343115,False,False,True,False,False,False
19.462402746822757,36.46240274682276,False,False,True,False,False,False
11.90016353805093,13.90016353805093,False,True,False,False,False,False
16.66279786065551,26.66279786065551,False,False,False,True,False,False
34.34522886043224,35.34522886043224,False,False,False,False,True,False
1.6333134997092582,2.633313499709258,False,False,False,False,True,False
6.107196182304314,9.107196182304314,True,False,False,False,False,False
3.024116248957121,6.024116248957121,True,False,False,False,False,False
2.792067302034686,5.7920673020346864,True,False,False,False,False,False
38.64026569648432,55.64026569648432,False,False,True,False,False,False
31.960945812721043,32.96094581272104,False,False,False,False,True,False
21.863648479842308,31.863648479842308,False,False,False,True,False,False
5.304703068644065,22.304703068644066,False,False,True,False,False,False
22.631098505140624,24.631098505140624,False,True,False,False,False,False
21.83275791434489,24.83275791434489,True,False,False,False,False,False
8.620882276040668,25.620882276040668,False,False,True,False,False,False
20.089472566470814,37.08947256647082,False,False,True,False,False,False
18.53420831348443,20.53420831348443,False,True,False,False,False,False
28.097404314297524,36.09740431429752,False,False,False,False,False,True
28.944120638176326,29.944120638176326,False,False,False,False,True,False
2.993376429969959,12.99337642996996,False,False,False,True,False,False
17.482955043564733,25.482955043564733,False,False,False,False,False,True
28.5378362914264,31.5378362914264,True,False,False,False,False,False
23.137995377523858,40.13799537752386,False,False,True,False,False,False
38.68555301228618,40.68555301228618,False,True,False,False,False,False
29.98251979123358,31.98251979123358,False,True,False,False,False,False
8.169114791582906,9.169114791582906,False,False,False,False,True,False
4.1050248856189135,12.105024885618914,False,False,False,False,False,True
29.26644824107789,30.26644824107789,False,False,False,False,True,False
2.1664976638313598,19.16649766383136,False,False,True,False,False,False
26.774125576032386,27.774125576032386,False,False,False,False,True,False
42.370130622698134,52.370130622698134,False,False,False,True,False,False
26.320863826538673,28.320863826538673,False,True,False,False,False,False
18.079476753086965,20.079476753086965,False,True,False,False,False,False
29.30468161146354,32.304681611463536,True,False,False,False,False,False
21.16312718162673,24.16312718162673,True,False,False,False,False,False
25.007138729901136,42.007138729901136,False,False,True,False,False,False
42.42445158616711,52.42445158616711,False,False,False,True,False,False
17.988516063234066,25.988516063234066,False,False,False,False,False,True
43.29238480825222,44.29238480825222,False,False,False,False,True,False
40.835428246066805,57.835428246066805,False,False,True,False,False,False
9.614809930729043,12.614809930729043,True,False,False,False,False,False
4.05189723850728,5.05189723850728,False,False,False,False,True,False
5.434232060606773,8.434232060606773,True,False,False,False,False,False
1.801760328668188,2.801760328668188,False,False,False,False,True,False
5.155490273260849,13.155490273260849,False,False,False,False,False,True
31.0522980303197,48.052298030319704,False,False,True,False,False,False
4.132300532250076,5.132300532250076,False,False,False,False,True,False
15.034927732925498,25.034927732925496,False,False,False,True,False,False
38.174513682656,40.174513682656,False,True,False,False,False,False
2.023965172376338,12.023965172376338,False,False,False,True,False,False
36.83661323391318,46.83661323391318,False,False,False,True,False,False
13.401610090029596,15.401610090029596,False,True,False,False,False,False
6.199252415352875,16.199252415352873,False,False,False,True,False,False
31.656435276022627,32.65643527602263,False,False,False,False,True,False
28.673485258314894,29.673485258314894,False,False,False,False,True,False
39.60876859519033,40.60876859519033,False,False,False,False,True,False
33.34312592737098,35.34312592737098,False,True,False,False,False,False
36.353160936933335,46.353160936933335,False,False,False,True,False,False
13.409521193137486,15.409521193137486,False,True,False,False,False,False
8.807339926307804,9.807339926307804,False,False,False,False,True,False
34.02704907219777,44.02704907219777,False,False,False,True,False,False
36.50072852775962,46.50072852775962,False,False,False,True,False,False
44.58222624802963,47.58222624802963,True,False,False,False,False,False
19.155177784102765,22.155177784102765,True,False,False,False,False,False
17.36879577488246,25.36879577488246,False,False,False,False,False,True
35.16217027264786,52.16217027264786,False,False,True,False,False,False
15.995355771132786,18.995355771132786,True,False,False,False,False,False
41.95332232655685,43.95332232655685,False,True,False,False,False,False
38.77016108109252,41.77016108109252,True,False,False,False,False,False
19.87573720450081,27.87573720450081,False,False,False,False,False,True
34.038326982825886,44.038326982825886,False,False,False,True,False,False
34.199886459726024,42.199886459726024,False,False,False,False,False,True
5.537450228781035,15.537450228781035,False,False,False,True,False,False
40.712327893900934,50.712327893900934,False,False,False,True,False,False
23.231104387705713,40.23110438770571,False,False,True,False,False,False
37.364128508740635,40.364128508740635,True,False,False,False,False,False
15.082182445346916,17.082182445346916,False,True,False,False,False,False
40.40302205383282,42.40302205383282,False,True,False,False,False,False
18.124873864303176,19.124873864303176,False,False,False,False,True,False
1.4768566651331279,11.476856665133127,False,False,False,True,False,False
40.836806962447604,42.836806962447604,False,True,False,False,False,False
5.016613778589877,22.01661377858988,False,False,True,False,False,False
15.049800053978254,25.049800053978252,False,False,False,True,False,False
42.80272655023542,59.80272655023542,False,False,True,False,False,False
42.826714465252465,44.826714465252465,False,True,False,False,False,False
26.23126707742459,28.23126707742459,False,True,False,False,False,False
28.80083733547117,29.80083733547117,False,False,False,False,True,False
20.73160296704607,22.73160296704607,False,True,False,False,False,False
13.901273954714839,23.90127395471484,False,False,False,True,False,False
15.461239996276301,25.4612399962763,False,False,False,True,False,False
30.59081206738969,40.59081206738969,False,False,False,True,False,False
34.10447929525792,35.10447929525792,False,False,False,False,True,False
35.82947792393733,36.82947792393733,False,False,False,False,True,False
35.74319828296037,37.74319828296037,False,True,False,False,False,False
5.013068534142376,13.013068534142377,False,False,False,False,False,True
22.754493406913586,30.754493406913586,False,False,False,False,False,True
3.5325854407323485,4.5325854407323485,False,False,False,False,True,False
25.179270822244362,27.179270822244362,False,True,False,False,False,False
20.42734206042859,28.42734206042859,False,False,False,False,False,True
40.05898404136519,42.05898404136519,False,True,False,False,False,False
16.440260552291463,18.440260552291463,False,True,False,False,False,False
6.1509487228146575,8.150948722814658,False,True,False,False,False,False
7.291634010324778,10.291634010324778,True,False,False,False,False,False
34.50646779556878,44.50646779556878,False,False,False,True,False,False
28.201594785915486,30.201594785915486,False,True,False,False,False,False
5.44939774940277,8.44939774940277,True,False,False,False,False,False
4.700699469059887,5.700699469059887,False,False,False,False,True,False
31.84264178420128,39.84264178420128,False,False,False,False,False,True
4.201572280024515,14.201572280024514,False,False,False,True,False,False
37.16184260877567,45.16184260877567,False,False,False,False,False,True
32.07465799488583,42.07465799488583,False,False,False,True,False,False
4.57934634824359,12.57934634824359,False,False,False,False,False,True
4.732859419748444,14.732859419748443,False,False,False,True,False,False
44.41214145405172,52.41214145405172,False,False,False,False,False,True
17.467915013269295,25.467915013269295,False,False,False,False,False,True
17.3082544709432,25.3082544709432,False,False,False,False,False,True
36.763180959330114,44.763180959330114,False,False,False,False,False,True
42.67893740488978,43.67893740488978,False,False,False,False,True,False
44.38404680820632,46.38404680820632,False,True,False,False,False,False
34.14864015139343,51.14864015139343,False,False,True,False,False,False
17.555421763360293,20.555421763360293,True,False,False,False,False,False
4.674031534741426,21.674031534741424,False,False,True,False,False,False
35.19446430080722,52.19446430080722,False,False,True,False,False,False
25.569786988375423,35.56978698837543,False,False,False,True,False,False
19.665768406866956,21.665768406866956,False,True,False,False,False,False
40.87959294416838,50.87959294416838,False,False,False,True,False,False
5.892689221470659,7.892689221470659,False,True,False,False,False,False
22.675504588797804,24.675504588797804,False,True,False,False,False,False
1.499560369766439,9.499560369766439,False,False,False,False,False,True
21.621068247741555,22.621068247741555,False,False,False,False,True,False
3.4773441300008434,11.477344130000844,False,False,False,False,False,True
6.227988315795164,7.227988315795164,False,False,False,False,True,False
6.171154858192615,16.171154858192615,False,False,False,True,False,False
29.565253293106796,30.565253293106796,False,False,False,False,True,False
33.825974687678624,43.825974687678624,False,False,False,True,False,False
26.668225664275024,43.66822566427503,False,False,True,False,False,False
43.335592132879846,60.335592132879846,False,False,True,False,False,False
17.49430549904298,18.49430549904298,False,False,False,False,True,False
13.571331796401871,14.571331796401871,False,False,False,False,True,False
39.218361640336255,49.218361640336255,False,False,False,True,False,False
10.838216894855917,18.83821689485592,False,False,False,False,False,True
43.3817917353869,53.3817917353869,False,False,False,True,False,False
1.534796886351919,9.53479688635192,False,False,False,False,False,True
43.674668375136115,60.674668375136115,False,False,True,False,False,False
2.899036125825349,4.899036125825349,False,True,False,False,False,False
40.21029700271513,41.21029700271513,False,False,False,False,True,False
24.218848799797193,32.21884879979719,False,False,False,False,False,True
44.69045102924922,54.69045102924922,False,False,False,True,False,False
4.24704884835755,21.24704884835755,False,False,True,False,False,False
25.369588513658115,33.369588513658115,False,False,False,False,False,True
43.64931156724035,53.64931156724035,False,False,False,True,False,False
24.016305143486548,25.016305143486548,False,False,False,False,True,False
28.693540077951553,29.693540077951553,False,False,False,False,True,False
31.612942315323156,34.61294231532315,True,False,False,False,False,False
20.999806849782022,22.999806849782022,False,True,False,False,False,False
28.61255552369879,31.61255552369879,True,False,False,False,False,False
26.709829724616412,43.70982972461641,False,False,True,False,False,False
40.65095246160352,48.65095246160352,False,False,False,False,False,True
2.9996407350241463,19.999640735024148,False,False,True,False,False,False
13.362380342058135,23.362380342058135,False,False,False,True,False,False
42.81810529936858,43.81810529936858,False,False,False,False,True,False
40.171606491200315,43.171606491200315,True,False,False,False,False,False
21.04889712257137,24.04889712257137,True,False,False,False,False,False
28.285834303267617,31.285834303267617,True,False,False,False,False,False
13.204772051169838,30.20477205116984,False,False,True,False,False,False
9.277331027845499,10.277331027845499,False,False,False,False,True,False
21.402729817359216,29.402729817359216,False,False,False,False,False,True
16.547498033146326,26.547498033146326,False,False,False,True,False,False
26.68086892143837,34.680868921438375,False,False,False,False,False,True
4.420324026459333,21.420324026459333,False,False,True,False,False,False
43.87337153731133,53.87337153731133,False,False,False,True,False,False
44.39327275710253,47.39327275710253,True,False,False,False,False,False
31.719115416868785,33.71911541686879,False,True,False,False,False,False
24.588240119141297,41.5882401191413,False,False,True,False,False,False
14.61921511659842,31.61921511659842,False,False,True,False,False,False
36.80698086710574,37.80698086710574,False,False,False,False,True,False
31.128171592370688,39.12817159237069,False,False,False,False,False,True
8.155145331175216,25.155145331175216,False,False,True,False,False,False
41.080796117729065,58.080796117729065,False,False,True,False,False,False
37.191638688619435,40.191638688619435,True,False,False,False,False,False
42.79119618484466,45.79119618484466,True,False,False,False,False,False
32.93165836908784,42.93165836908784,False,False,False,True,False,False
27.990268621174753,29.990268621174753,False,True,False,False,False,False
19.40269359678723,20.40269359678723,False,False,False,False,True,False
42.04005326757658,44.04005326757658,False,True,False,False,False,False
39.10681113801797,49.10681113801797,False,False,False,True,False,False
2.989621484672334,5.989621484672334,True,False,False,False,False,False
2.160146877879088,10.160146877879088,False,False,False,False,False,True
17.564388142634183,20.564388142634183,True,False,False,False,False,False
36.664346554400645,37.664346554400645,False,False,False,False,True,False
44.440149689857556,47.440149689857556,True,False,False,False,False,False
7.61834320855524,8.61834320855524,False,False,False,False,True,False
27.141751475493948,28.141751475493948,False,False,False,False,True,False
17.759197691764946,18.759197691764946,False,False,False,False,True,False
43.67623350384254,53.67623350384254,False,False,False,True,False,False
38.05323261797118,39.05323261797118,False,False,False,False,True,False
37.88646300729007,38.88646300729007,False,False,False,False,True,False
21.62249903097869,29.62249903097869,False,False,False,False,False,True
19.25205810285727,21.25205810285727,False,True,False,False,False,False
13.029911164951073,30.029911164951073,False,False,True,False,False,False
3.480521852640793,5.480521852640793,False,True,False,False,False,False
39.04778455522234,40.04778455522234,False,False,False,False,True,False
36.767644401723416,44.767644401723416,False,False,False,False,False,True
44.98757762458975,47.98757762458975,True,False,False,False,False,False
44.852020831251835,52.852020831251835,False,False,False,False,False,True
25.438995046515608,26.438995046515608,False,False,False,False,True,False
34.83544626794246,42.83544626794246,False,False,False,False,False,True
42.569692114826836,50.569692114826836,False,False,False,False,False,True
38.38448518980611,39.38448518980611,False,False,False,False,True,False
11.883316476700697,21.8833164767007,False,False,False,True,False,False
20.823941953644116,28.823941953644116,False,False,False,False,False,True
6.683014266665779,23.68301426666578,False,False,True,False,False,False
42.978245199383785,59.978245199383785,False,False,True,False,False,False
27.67168391583872,35.67168391583872,False,False,False,False,False,True
11.06028344215236,21.06028344215236,False,False,False,True,False,False
30.554830113857697,33.5548301138577,True,False,False,False,False,False
28.197642580147416,29.197642580147416,False,False,False,False,True,False
16.759159593444984,33.759159593444984,False,False,True,False,False,False
5.996534056783677,8.996534056783677,True,False,False,False,False,False
30.549220606083182,38.54922060608318,False,False,False,False,False,True
23.893538839766904,26.893538839766904,True,False,False,False,False,False
34.98200923636813,36.98200923636813,False,True,False,False,False,False
23.88719404892771,40.88719404892771,False,False,True,False,False,False
38.49598601401576,46.49598601401576,False,False,False,False,False,True
25.283900906077363,26.283900906077363,False,False,False,False,True,False
25.681270747556997,35.681270747556994,False,False,False,True,False,False
39.572758516967184,47.572758516967184,False,False,False,False,False,True
18.75324611334547,19.75324611334547,False,False,False,False,True,False
6.896670051828192,16.896670051828192,False,False,False,True,False,False
2.266437757786915,12.266437757786914,False,False,False,True,False,False
34.226039249639236,42.226039249639236,False,False,False,False,False,True
28.293620259552444,31.293620259552444,True,False,False,False,False,False
31.979509796365836,34.97950979636583,True,False,False,False,False,False
10.370423106392073,20.370423106392074,False,False,False,True,False,False
7.00034492581787,10.00034492581787,True,False,False,False,False,False
1.6399652893868049,3.639965289386805,False,True,False,False,False,False
16.42585258749027,26.42585258749027,False,False,False,True,False,False
26.956378221603856,36.956378221603856,False,False,False,True,False,False
18.258737984388222,19.258737984388222,False,False,False,False,True,False
20.248896569044078,23.248896569044078,True,False,False,False,False,False
40.78298255772493,50.78298255772493,False,False,False,True,False,False
16.323240549025215,18.323240549025215,False,True,False,False,False,False
23.615537523031676,24.615537523031676,False,False,False,False,True,False
35.48073256061029,43.48073256061029,False,False,False,False,False,True
18.447882422135887,28.447882422135887,False,False,False,True,False,False
28.371814810026432,30.371814810026432,False,True,False,False,False,False
38.94400318485679,55.94400318485679,False,False,True,False,False,False
42.77890744093625,44.77890744093625,False,True,False,False,False,False
7.471233160877669,9.47123316087767,False,True,False,False,False,False
41.76985550710575,42.76985550710575,False,False,False,False,True,False
22.65311689549968,30.65311689549968,False,False,False,False,False,True
12.362753085154168,29.362753085154168,False,False,True,False,False,False
21.201973274483496,24.201973274483496,True,False,False,False,False,False
44.12143331256099,47.12143331256099,True,False,False,False,False,False
22.675196135686264,24.675196135686264,False,True,False,False,False,False
15.465070852650362,16.465070852650364,False,False,False,False,True,False
28.869637589935934,29.869637589935934,False,False,False,False,True,False
11.566407226240495,14.566407226240495,True,False,False,False,False,False
4.337986436781213,21.337986436781215,False,False,True,False,False,False
6.670707764068566,14.670707764068567,False,False,False,False,False,True
6.634016914141988,23.634016914141988,False,False,True,False,False,False
7.683718514540951,17.68371851454095,False,False,False,True,False,False
7.108395596574046,17.108395596574045,False,False,False,True,False,False
29.19848877134144,37.198488771341445,False,False,False,False,False,True
9.002723713562371,12.002723713562371,True,False,False,False,False,False
16.209360466249983,24.209360466249983,False,False,False,False,False,True
40.45869003586452,41.45869003586452,False,False,False,False,True,False
21.854312171566384,31.854312171566384,False,False,False,True,False,False
30.372540494925197,32.3725404949252,False,True,False,False,False,False
8.582074332871713,10.582074332871713,False,True,False,False,False,False
9.460716827581514,12.460716827581514,True,False,False,False,False,False
2.79821911572507,3.79821911572507,False,False,False,False,True,False
8.43314277517524,25.43314277517524,False,False,True,False,False,False
13.25797491740618,14.25797491740618,False,False,False,False,True,False
8.78846130817686,10.78846130817686,False,True,False,False,False,False
4.902911485310447,6.902911485310447,False,True,False,False,False,False
6.307978328426436,16.307978328426437,False,False,False,True,False,False
21.274265793439934,22.274265793439934,False,False,False,False,True,False
10.07868360985487,11.07868360985487,False,False,False,False,True,False
17.02787388611532,19.02787388611532,False,True,False,False,False,False
23.150359917613702,40.1503599176137,False,False,True,False,False,False
31.377372459692072,34.37737245969207,True,False,False,False,False,False
2.729734153008353,5.729734153008353,True,False,False,False,False,False
36.174057551997876,37.174057551997876,False,False,False,False,True,False
28.62761713759994,31.62761713759994,True,False,False,False,False,False
4.597397405750364,6.597397405750364,False,True,False,False,False,False
39.4374594606982,41.4374594606982,False,True,False,False,False,False
41.51838562339978,42.51838562339978,False,False,False,False,True,False
3.687430233614005,4.6874302336140055,False,False,False,False,True,False
13.182616518476964,23.182616518476962,False,False,False,True,False,False
36.4728563108947,37.4728563108947,False,False,False,False,True,False
33.92342637688097,50.92342637688097,False,False,True,False,False,False
9.118924851680603,12.118924851680603,True,False,False,False,False,False
10.211370226815253,11.211370226815253,False,False,False,False,True,False
17.300772522820807,25.300772522820807,False,False,False,False,False,True
22.31901134840494,32.31901134840494,False,False,False,True,False,False
28.203209947333022,36.20320994733302,False,False,False,False,False,True
17.232200141069985,19.232200141069985,False,True,False,False,False,False
21.351527509858506,24.351527509858506,True,False,False,False,False,False
33.88872127788529,34.88872127788529,False,False,False,False,True,False
2.6140609271863076,10.614060927186308,False,False,False,False,False,True
12.107225551136914,15.107225551136914,True,False,False,False,False,False
32.38738177892031,34.38738177892031,False,True,False,False,False,False
40.38910085823677,57.38910085823677,False,False,True,False,False,False
23.51380745308931,33.51380745308931,False,False,False,True,False,False
24.41299335167389,27.41299335167389,True,False,False,False,False,False
5.715568498950146,8.715568498950146,True,False,False,False,False,False
20.686144140232003,37.686144140232,False,False,True,False,False,False
24.43515972402102,27.43515972402102,True,False,False,False,False,False
11.668702159928106,13.668702159928106,False,True,False,False,False,False
12.846702161772763,14.846702161772763,False,True,False,False,False,False
17.600503176603397,34.6005031766034,False,False,True,False,False,False
1.8831327022199602,11.88313270221996,False,False,False,True,False,False
15.171483285659844,16.171483285659846,False,False,False,False,True,False
10.303712307847965,18.303712307847967,False,False,False,False,False,True
15.409883495828245,16.409883495828247,False,False,False,False,True,False
6.2695338000470535,9.269533800047054,True,False,False,False,False,False
40.183200352555374,48.183200352555374,False,False,False,False,False,True
27.11806795637814,44.11806795637814,False,False,True,False,False,False
30.88050204235754,47.88050204235754,False,False,True,False,False,False
35.723534498722884,45.723534498722884,False,False,False,True,False,False
22.93145675287852,30.93145675287852,False,False,False,False,False,True
4.824492675846642,6.824492675846642,False,True,False,False,False,False
24.632687840016104,32.632687840016104,False,False,False,False,False,True
26.82100919291868,29.82100919291868,True,False,False,False,False,False
33.79933686411052,35.79933686411052,False,True,False,False,False,False
19.993020034105893,36.993020034105896,False,False,True,False,False,False
6.6135333230048055,14.613533323004805,False,False,False,False,False,True
13.486139855143877,14.486139855143877,False,False,False,False,True,False
16.975621041539945,26.975621041539945,False,False,False,True,False,False
29.420358618590456,30.420358618590456,False,False,False,False,True,False
26.114245405432122,36.11424540543212,False,False,False,True,False,False
16.668255939505237,19.668255939505237,True,False,False,False,False,False
44.406670946891104,45.406670946891104,False,False,False,False,True,False
27.654092051703035,35.65409205170303,False,False,False,False,False,True
11.437978836383756,19.437978836383756,False,False,False,False,False,True
5.478428795297765,6.478428795297765,False,False,False,False,True,False
7.72580212411061,15.72580212411061,False,False,False,False,False,True
11.822140048918358,14.822140048918358,True,False,False,False,False,False
8.06998042342045,10.06998042342045,False,True,False,False,False,False
9.208949058257453,12.208949058257453,True,False,False,False,False,False
13.544187422529273,23.544187422529273,False,False,False,True,False,False
8.628438192969213,11.628438192969213,True,False,False,False,False,False
40.457678683562705,50.457678683562705,False,False,False,True,False,False
4.530284809112257,12.530284809112256,False,False,False,False,False,True
24.078501141091206,26.078501141091206,False,True,False,False,False,False
19.057460387545106,27.057460387545106,False,False,False,False,False,True
44.224659143978684,61.224659143978684,False,False,True,False,False,False
5.929711695394303,13.929711695394303,False,False,False,False,False,True
18.505646358012633,28.505646358012633,False,False,False,True,False,False
43.65669906411623,51.65669906411623,False,False,False,False,False,True
39.08231353933513,47.08231353933513,False,False,False,False,False,True
36.95117112176832,38.95117112176832,False,True,False,False,False,False
12.347724389977353,20.34772438997735,False,False,False,False,False,True
8.519053845162896,10.519053845162896,False,True,False,False,False,False
30.420301676674963,31.420301676674963,False,False,False,False,True,False
41.892543521613774,58.892543521613774,False,False,True,False,False,False
25.49756729261291,27.49756729261291,False,True,False,False,False,False
26.150958336675593,36.15095833667559,False,False,False,True,False,False
13.319080121052504,14.319080121052504,False,False,False,False,True,False
34.857689060445225,36.857689060445225,False,True,False,False,False,False
9.229924936531027,11.229924936531027,False,True,False,False,False,False
15.241886401786722,32.24188640178672,False,False,True,False,False,False
19.719203299122338,29.719203299122338,False,False,False,True,False,False
23.33485666211602,26.33485666211602,True,False,False,False,False,False
11.666028226263531,14.666028226263531,True,False,False,False,False,False
6.052820288524956,8.052820288524956,False,True,False,False,False,False
27.867281867431835,35.867281867431835,False,False,False,False,False,True
13.699744342571254,23.699744342571254,False,False,False,True,False,False
26.57448174259494,27.57448174259494,False,False,False,False,True,False
7.791959472064901,15.791959472064901,False,False,False,False,False,True
22.17016448161197,30.17016448161197,False,False,False,False,False,True
24.43393503226978,34.43393503226978,False,False,False,True,False,False
3.280235620186784,5.280235620186784,False,True,False,False,False,False
15.810588240532505,17.810588240532503,False,True,False,False,False,False
6.914245785314867,8.914245785314867,False,True,False,False,False,False
3.7884987008017807,5.788498700801781,False,True,False,False,False,False
44.55825022515759,47.55825022515759,True,False,False,False,False,False
15.183569178887812,17.18356917888781,False,True,False,False,False,False
36.63447561760393,39.63447561760393,True,False,False,False,False,False
12.20418880960561,15.20418880960561,True,False,False,False,False,False
30.98611977785289,32.98611977785289,False,True,False,False,False,False
34.45002583514621,51.45002583514621,False,False,True,False,False,False
27.208104586745147,28.208104586745147,False,False,False,False,True,False
21.74935229620697,29.74935229620697,False,False,False,False,False,True
19.121000222479815,22.121000222479815,True,False,False,False,False,False
16.350203727891795,26.350203727891795,False,False,False,True,False,False
41.899282346904336,51.899282346904336,False,False,False,True,False,False
37.547253942660085,38.547253942660085,False,False,False,False,True,False
43.461184069326556,53.461184069326556,False,False,False,True,False,False
6.4690778333639685,23.46907783336397,False,False,True,False,False,False
33.15816890896035,43.15816890896035,False,False,False,True,False,False
42.28698010012567,50.28698010012567,False,False,False,False,False,True
8.974254911289046,16.974254911289044,False,False,False,False,False,True
3.92583576413821,6.92583576413821,True,False,False,False,False,False
33.6093085687626,35.6093085687626,False,True,False,False,False,False
26.276816979916124,43.27681697991612,False,False,True,False,False,False
38.04046617736397,41.04046617736397,True,False,False,False,False,False
7.149984571556738,24.149984571556736,False,False,True,False,False,False
35.99176172183517,37.99176172183517,False,True,False,False,False,False
9.87160208210076,19.871602082100758,False,False,False,True,False,False
8.200861486090998,18.200861486091,False,False,False,True,False,False
8.22769510896369,10.22769510896369,False,True,False,False,False,False
36.84128769018081,39.84128769018081,True,False,False,False,False,False
30.268677710632804,32.2686777106328,False,True,False,False,False,False
24.01487868984125,25.01487868984125,False,False,False,False,True,False
16.78854130143411,24.78854130143411,False,False,False,False,False,True
39.596823795776764,42.596823795776764,True,False,False,False,False,False
18.267584726595956,35.267584726595956,False,False,True,False,False,False
36.93037533674939,37.93037533674939,False,False,False,False,True,False
20.32193597708961,23.32193597708961,True,False,False,False,False,False
17.58555489469593,19.58555489469593,False,True,False,False,False,False
21.357910569462682,23.357910569462682,False,True,False,False,False,False
14.260626463222252,16.260626463222252,False,True,False,False,False,False
33.89481272775505,35.89481272775505,False,True,False,False,False,False
23.119697164069084,40.11969716406908,False,False,True,False,False,False
11.217358586459962,12.217358586459962,False,False,False,False,True,False
40.58128122408101,50.58128122408101,False,False,False,True,False,False
17.891213740421303,25.891213740421303,False,False,False,False,False,True
24.916325889015496,41.916325889015496,False,False,True,False,False,False
40.88477288244007,57.88477288244007,False,False,True,False,False,False
28.466471820215652,38.46647182021565,False,False,False,True,False,False
6.143513791168019,16.14351379116802,False,False,False,True,False,False
42.352613438992904,50.352613438992904,False,False,False,False,False,True
28.619154335142387,36.61915433514238,False,False,False,False,False,True
15.73584704491179,25.73584704491179,False,False,False,True,False,False
7.127971197189039,9.127971197189039,False,True,False,False,False,False
35.93710832789302,52.93710832789302,False,False,True,False,False,False
28.283201260854597,31.283201260854597,True,False,False,False,False,False
24.47228804695815,32.47228804695815,False,False,False,False,False,True
40.33127365424214,48.33127365424214,False,False,False,False,False,True
35.69827729387935,45.69827729387935,False,False,False,True,False,False
7.673694708241052,8.673694708241051,False,False,False,False,True,False
14.715770983004122,17.71577098300412,True,False,False,False,False,False
11.933522151836492,14.933522151836492,True,False,False,False,False,False
33.73363687319779,41.73363687319779,False,False,False,False,False,True
2.475427128374293,4.475427128374292,False,True,False,False,False,False
26.075146134337928,27.075146134337928,False,False,False,False,True,False
34.54818217259039,37.54818217259039,True,False,False,False,False,False
39.57768801751698,47.57768801751698,False,False,False,False,False,True
16.05159694349993,19.05159694349993,True,False,False,False,False,False
37.13532140556857,38.13532140556857,False,False,False,False,True,False
5.867796426029118,6.867796426029118,False,False,False,False,True,False
38.2439008363188,55.2439008363188,False,False,True,False,False,False
6.609501142607226,16.609501142607225,False,False,False,True,False,False
18.48064078465616,28.48064078465616,False,False,False,True,False,False
36.08099609430036,44.08099609430036,False,False,False,False,False,True
7.596366803346046,8.596366803346047,False,False,False,False,True,False
11.087061390236226,28.087061390236226,False,False,True,False,False,False
32.77911300929492,49.77911300929492,False,False,True,False,False,False
32.68160760802727,35.68160760802727,True,False,False,False,False,False
29.21049584695308,32.21049584695308,True,False,False,False,False,False
31.5337315565524,48.5337315565524,False,False,True,False,False,False
24.87987550729423,27.87987550729423,True,False,False,False,False,False
12.079158591905921,13.079158591905921,False,False,False,False,True,False
16.210623714172456,18.210623714172456,False,True,False,False,False,False
8.990299539262729,9.990299539262729,False,False,False,False,True,False
40.97182469867965,57.97182469867965,False,False,True,False,False,False
26.6692389697093,43.6692389697093,False,False,True,False,False,False
18.637462337600155,19.637462337600155,False,False,False,False,True,False
21.32825536034184,24.32825536034184,True,False,False,False,False,False
42.68046694291987,45.68046694291987,True,False,False,False,False,False
7.747461737107528,17.74746173710753,False,False,False,True,False,False
26.794112608739077,43.79411260873908,False,False,True,False,False,False
23.259101870916503,31.259101870916503,False,False,False,False,False,True
27.903986359124506,37.9039863591245,False,False,False,True,False,False
1.7968480881169824,4.796848088116983,True,False,False,False,False,False
39.373451993542666,40.373451993542666,False,False,False,False,True,False
42.01320442927894,45.01320442927894,True,False,False,False,False,False
25.865860077925195,26.865860077925195,False,False,False,False,True,False
31.65263625058326,41.65263625058326,False,False,False,True,False,False
41.58997277180101,58.58997277180101,False,False,True,False,False,False
32.118499909789534,35.118499909789534,True,False,False,False,False,False
7.711717888227499,8.711717888227499,False,False,False,False,True,False
26.356687847339778,43.35668784733978,False,False,True,False,False,False
27.69546204084566,35.695462040845655,False,False,False,False,False,True
19.661749537304985,20.661749537304985,False,False,False,False,True,False
33.403546367487806,43.403546367487806,False,False,False,True,False,False
42.112148649836655,50.112148649836655,False,False,False,False,False,True
41.72501456789816,49.72501456789816,False,False,False,False,False,True
20.83693234178181,22.83693234178181,False,True,False,False,False,False
5.982474016993232,8.982474016993232,True,False,False,False,False,False
44.33301275434272,45.33301275434272,False,False,False,False,True,False
37.9115158036211,45.9115158036211,False,False,False,False,False,True
6.485157972943741,8.48515797294374,False,True,False,False,False,False
41.51704283516438,51.51704283516438,False,False,False,True,False,False
39.27543993073365,56.27543993073365,False,False,True,False,False,False
23.828874513547174,24.828874513547174,False,False,False,False,True,False
27.016119172776886,35.01611917277688,False,False,False,False,False,True
18.55611897028573,21.55611897028573,True,False,False,False,False,False
3.4095121081693787,5.409512108169379,False,True,False,False,False,False
15.74867863241964,23.74867863241964,False,False,False,False,False,True
36.325551738312505,39.325551738312505,True,False,False,False,False,False
1.2038090122025258,9.203809012202527,False,False,False,False,False,True
15.673963554410344,16.673963554410342,False,False,False,False,True,False
18.519422518001505,19.519422518001505,False,False,False,False,True,False
24.645406529268605,25.645406529268605,False,False,False,False,True,False
41.47364712216146,51.47364712216146,False,False,False,True,False,False
16.239223752102294,26.239223752102294,False,False,False,True,False,False
16.26594088343402,18.26594088343402,False,True,False,False,False,False
33.450054916828925,34.450054916828925,False,False,False,False,True,False
20.897589399151514,23.897589399151514,True,False,False,False,False,False
10.882612209359205,18.882612209359205,False,False,False,False,False,True
20.90733870983851,37.90733870983851,False,False,True,False,False,False
7.197708896711194,10.197708896711195,True,False,False,False,False,False
8.761027406273826,18.761027406273826,False,False,False,True,False,False
22.92818200053711,32.928182000537106,False,False,False,True,False,False
19.43271977820011,22.43271977820011,True,False,False,False,False,False
41.2532196469964,51.2532196469964,False,False,False,True,False,False
16.94533156113186,17.94533156113186,False,False,False,False,True,False
26.545887412233913,28.545887412233913,False,True,False,False,False,False
28.819628668459337,36.81962866845934,False,False,False,False,False,True
1.57615608988668,3.57615608988668,False,True,False,False,False,False
30.195644368735266,38.195644368735266,False,False,False,False,False,True
8.833582542269063,16.833582542269063,False,False,False,False,False,True
43.28709396865602,45.28709396865602,False,True,False,False,False,False
7.54116002113697,10.541160021136971,True,False,False,False,False,False
19.243461443989045,27.243461443989045,False,False,False,False,False,True
4.75538539546033,6.75538539546033,False,True,False,False,False,False
44.86246708122168,52.86246708122168,False,False,False,False,False,True
23.096580454574674,40.09658045457468,False,False,True,False,False,False
27.196940762081926,30.196940762081926,True,False,False,False,False,False
3.951365005090809,4.951365005090809,False,False,False,False,True,False
33.99826069756382,41.99826069756382,False,False,False,False,False,True
10.235846096205773,27.235846096205773,False,False,True,False,False,False
40.51438873539141,41.51438873539141,False,False,False,False,True,False
10.026144181208316,11.026144181208316,False,False,False,False,True,False
9.39025970920133,17.39025970920133,False,False,False,False,False,True
2.6081853853161747,4.608185385316174,False,True,False,False,False,False
21.770945584839968,29.770945584839968,False,False,False,False,False,True
25.853009863555123,42.85300986355512,False,False,True,False,False,False
3.891180134847504,4.891180134847504,False,False,False,False,True,False
35.12321513458046,43.12321513458046,False,False,False,False,False,True
20.944708728913216,22.944708728913216,False,True,False,False,False,False
24.073171850413523,32.07317185041352,False,False,False,False,False,True
20.393560865282037,23.393560865282037,True,False,False,False,False,False
18.633574678514343,20.633574678514343,False,True,False,False,False,False
25.624174577561586,42.62417457756159,False,False,True,False,False,False
7.83057082095135,8.830570820951351,False,False,False,False,True,False
9.00483774179193,17.00483774179193,False,False,False,False,False,True
38.91856732459476,40.91856732459476,False,True,False,False,False,False
42.62908033387984,45.62908033387984,True,False,False,False,False,False
17.425609916309128,19.425609916309128,False,True,False,False,False,False
12.912765618316365,22.912765618316364,False,False,False,True,False,False
29.335979902516694,32.3359799025167,True,False,False,False,False,False
18.984303528316243,35.98430352831625,False,False,True,False,False,False
2.116999649055174,3.116999649055174,False,False,False,False,True,False
7.870714284112376,24.870714284112374,False,False,True,False,False,False
32.50277806928549,40.50277806928549,False,False,False,False,False,True
29.99265344404666,31.99265344404666,False,True,False,False,False,False
2.1922236701532736,12.192223670153274,False,False,False,True,False,False
10.766775125049776,13.766775125049776,True,False,False,False,False,False
11.167291049875141,14.167291049875141,True,False,False,False,False,False
30.56328071834405,32.563280718344046,False,True,False,False,False,False
1.8672636611920228,11.867263661192023,False,False,False,True,False,False
5.580777607321249,7.580777607321249,False,True,False,False,False,False
36.19630775642033,44.19630775642033,False,False,False,False,False,True
8.855965130390679,25.85596513039068,False,False,True,False,False,False
29.720828745482486,32.720828745482486,True,False,False,False,False,False
11.480042366055967,19.48004236605597,False,False,False,False,False,True
5.375421281411187,22.375421281411185,False,False,True,False,False,False
11.69957640397598,19.699576403975982,False,False,False,False,False,True
32.779745001649005,42.779745001649005,False,False,False,True,False,False
38.65064459667657,41.65064459667657,True,False,False,False,False,False
37.52967404094763,39.52967404094763,False,True,False,False,False,False
18.476075303212014,20.476075303212014,False,True,False,False,False,False
30.395746009108432,47.395746009108436,False,False,True,False,False,False
10.019308998296122,11.019308998296122,False,False,False,False,True,False
13.898500131484584,23.89850013148458,False,False,False,True,False,False
40.43877601492927,57.43877601492927,False,False,True,False,False,False
1.5720846344723856,2.5720846344723856,False,False,False,False,True,False
4.7623753575965955,12.762375357596596,False,False,False,False,False,True
10.146995226425203,20.146995226425204,False,False,False,True,False,False
2.1674169704480675,10.167416970448068,False,False,False,False,False,True
8.983159143951081,11.983159143951081,True,False,False,False,False,False
26.653828682666457,36.65382868266646,False,False,False,True,False,False
19.54268022606991,20.54268022606991,False,False,False,False,True,False
40.277555287386896,43.277555287386896,True,False,False,False,False,False
36.9675167164914,38.9675167164914,False,True,False,False,False,False
16.039963474706543,17.039963474706543,False,False,False,False,True,False
12.414631070976869,29.414631070976867,False,False,True,False,False,False
17.706465959359743,19.706465959359743,False,True,False,False,False,False
26.97297747065154,28.97297747065154,False,True,False,False,False,False
12.794800196206555,29.794800196206555,False,False,True,False,False,False
28.462551945361895,38.462551945361895,False,False,False,True,False,False
19.01411269641458,21.01411269641458,False,True,False,False,False,False
25.29007595748713,26.29007595748713,False,False,False,False,True,False
20.189567281953934,23.189567281953934,True,False,False,False,False,False
13.956493419844378,15.956493419844378,False,True,False,False,False,False
42.731945506334895,43.731945506334895,False,False,False,False,True,False
34.59865494302947,42.59865494302947,False,False,False,False,False,True
7.1649797337239125,8.164979733723913,False,False,False,False,True,False
39.21259093950816,42.21259093950816,True,False,False,False,False,False
22.4469727229786,23.4469727229786,False,False,False,False,True,False
40.360297983340025,57.360297983340025,False,False,True,False,False,False
36.19363126168187,39.19363126168187,True,False,False,False,False,False
19.709394196646272,29.709394196646272,False,False,False,True,False,False
1.9886495660851655,9.988649566085165,False,False,False,False,False,True
12.821803812937627,29.821803812937627,False,False,True,False,False,False
24.831905445078146,34.83190544507815,False,False,False,True,False,False
28.87304167235048,29.87304167235048,False,False,False,False,True,False
12.3470581590609,15.3470581590609,True,False,False,False,False,False
7.131667259204262,15.131667259204262,False,False,False,False,False,True
37.73693041916916,54.73693041916916,False,False,True,False,False,False
44.313695950956294,54.313695950956294,False,False,False,True,False,False
24.130368021318176,34.130368021318176,False,False,False,True,False,False
8.553888577325354,16.553888577325353,False,False,False,False,False,True
12.981522366852234,13.981522366852234,False,False,False,False,True,False
1.8091897680885363,9.809189768088537,False,False,False,False,False,True
41.22914748866196,51.22914748866196,False,False,False,True,False,False
6.18104764716621,8.18104764716621,False,True,False,False,False,False
26.366724922627157,43.36672492262716,False,False,True,False,False,False
13.058429710237064,21.058429710237064,False,False,False,False,False,True
25.38383211069491,35.38383211069491,False,False,False,True,False,False
29.662497087482027,30.662497087482027,False,False,False,False,True,False
37.50863936311687,47.50863936311687,False,False,False,True,False,False
10.082535957466542,11.082535957466542,False,False,False,False,True,False
1.483816460973141,9.483816460973141,False,False,False,False,False,True
7.02296772302752,8.02296772302752,False,False,False,False,True,False
40.600820241316626,43.600820241316626,True,False,False,False,False,False
39.451163412750674,42.451163412750674,True,False,False,False,False,False
27.286176495493564,30.286176495493564,True,False,False,False,False,False
27.422741859080748,29.422741859080748,False,True,False,False,False,False
30.26161368003524,38.26161368003524,False,False,False,False,False,True
8.716336259431781,18.71633625943178,False,False,False,True,False,False
41.23412562069823,51.23412562069823,False,False,False,True,False,False
19.42590309525122,21.42590309525122,False,True,False,False,False,False
17.85809524297789,18.85809524297789,False,False,False,False,True,False
23.83237903244485,25.83237903244485,False,True,False,False,False,False
3.066502538102422,4.066502538102422,False,False,False,False,True,False
8.316468225267494,9.316468225267494,False,False,False,False,True,False
33.4734791227603,50.4734791227603,False,False,True,False,False,False
4.643141388705565,14.643141388705565,False,False,False,True,False,False
27.53869281652108,30.53869281652108,True,False,False,False,False,False
11.795360825978122,12.795360825978122,False,False,False,False,True,False
18.129007017846966,35.129007017846966,False,False,True,False,False,False
13.702524417910794,23.702524417910794,False,False,False,True,False,False
16.649599524457763,19.649599524457763,True,False,False,False,False,False
32.638019828106806,33.638019828106806,False,False,False,False,True,False
14.0733554874197,15.0733554874197,False,False,False,False,True,False
25.921804173063478,27.921804173063478,False,True,False,False,False,False
21.946217696760385,23.946217696760385,False,True,False,False,False,False
30.20153127595652,40.20153127595652,False,False,False,True,False,False
42.22050853028935,45.22050853028935,True,False,False,False,False,False
33.233172277251015,34.233172277251015,False,False,False,False,True,False
10.457376657993297,20.457376657993297,False,False,False,True,False,False
2.3720579426965256,12.372057942696525,False,False,False,True,False,False
12.539617949192303,20.539617949192305,False,False,False,False,False,True
27.183428950811212,29.183428950811212,False,True,False,False,False,False
3.2627357933070154,6.262735793307016,True,False,False,False,False,False
22.8401148768544,23.8401148768544,False,False,False,False,True,False
27.261085352343127,37.26108535234313,False,False,False,True,False,False
15.706731195946276,16.706731195946276,False,False,False,False,True,False
34.920136964816166,42.920136964816166,False,False,False,False,False,True
5.69032313788596,8.69032313788596,True,False,False,False,False,False
4.3060623963755855,14.306062396375586,False,False,False,True,False,False
33.04030527295855,34.04030527295855,False,False,False,False,True,False
22.801617913072732,24.801617913072732,False,True,False,False,False,False
31.289705442820384,39.289705442820384,False,False,False,False,False,True
20.132402898564834,23.132402898564834,True,False,False,False,False,False
11.8416894625207,19.841689462520698,False,False,False,False,False,True
37.04050197766479,39.04050197766479,False,True,False,False,False,False
36.17429867463509,39.17429867463509,True,False,False,False,False,False
31.566644717594777,39.56664471759478,False,False,False,False,False,True
12.974386038118359,29.97438603811836,False,False,True,False,False,False
26.970149342239832,28.970149342239832,False,True,False,False,False,False
16.882851465361178,18.882851465361178,False,True,False,False,False,False
5.029611226371903,7.029611226371903,False,True,False,False,False,False
41.36179732033868,58.36179732033868,False,False,True,False,False,False
7.020019760434302,24.0200197604343,False,False,True,False,False,False
42.8104435681153,43.8104435681153,False,False,False,False,True,False
20.624254010150054,30.624254010150054,False,False,False,True,False,False
